<?xml version="1.0" ?>
<!-- +======================================================================+ -->
<!-- |    Copyright (c) 2005, 2013 Oracle and/or its affiliates.           | -->
<!-- |                         All rights reserved.                         | -->
<!-- |                           Version 12.0.0                             | -->
<!-- +======================================================================+ -->
<!-- $Header: mwa_restart_mobile_server.xml 120.0.12020000.1 2013/11/20 07:26:09 raminoch noship $ -->
<manual_step>
  <key>mwa_restart_mobile_server</key>
  <product>mwa</product> 
  <title>Restart Mobile Server</title>
  <text>
   This patch application needs the Mobile server to be restarted. Once the patch is applied successfully please restart the Mobile Server.
  </text>
  <type>required</type>
  <category>post</category>
  <downtime>true</downtime>
</manual_step>
