<?xml version="1.0"?>
<patch_metadata>
<patch_number>21068635</patch_number>
<product>ont</product>
<abstract><![CDATA[This patch delivers the bulk workflow feature]]></abstract>
<description><![CDATA[This patch delivers the bulk workflow enhancement with all the latest bug fixes.]]></description>
<entity_abbreviation>ont</entity_abbreviation>
<release>R12</release>
<based_on><![CDATA[C]]></based_on>
<aru_update_date>AUG-19-2015 18:15:30</aru_update_date>
 <manual_steps>
  <steps_available>
   <step product="mwa" location="patch/115/manualsteps" filename="mwa_restart_mobile_server.xml" 
   version="120.0.12020000.1"   category="Post-install Tasks">Restart Mobile Server 
   </step> 
  </steps_available>
 </manual_steps>
<introducing>
</introducing>
<requires>
</requires>
</patch_metadata>